{"cameraMode":{"drawMode":0,"name":"Shaded","section":"Shading Mode"},"sceneLighting":true,"audioPlay":false,"sceneViewState":{"m_AlwaysRefresh":false,"showFog":true,"showSkybox":true,"showFlares":true,"showImageEffects":true,"showParticleSystems":true,"showVisualEffectGraphs":true,"m_FxEnabled":true},"in2DMode":false,"pivot":{"x":565.9465942382813,"y":211.3516387939453,"z":54.852783203125},"rotation":{"x":0.007499971427023411,"y":0.004498989786952734,"z":-0.000032773496059235185,"w":0.9999555349349976},"size":67.301513671875,"orthographic":true}