{"cameraMode":{"drawMode":0,"name":"Shaded","section":"Shading Mode"},"sceneLighting":true,"audioPlay":false,"sceneViewState":{"m_AlwaysRefresh":false,"showFog":true,"showSkybox":true,"showFlares":true,"showImageEffects":true,"showParticleSystems":true,"showVisualEffectGraphs":true,"m_FxEnabled":true},"in2DMode":false,"pivot":{"x":672.2557373046875,"y":401.3926086425781,"z":22.718048095703126},"rotation":{"x":0.01949271187186241,"y":-0.024890992790460588,"z":0.0004838319437112659,"w":0.9995063543319702},"size":294.3837585449219,"orthographic":true}